<?xml version="1.0" encoding="UTF-8"?>
<Profile xmlns="http://www.platform.com/Symphony/Profile/Application" xmlns:xsi="http://www.w3.org/2001/XMLSchema-instance"
         name=""
         version="5.2">

    <Consumer applicationName="tiger" consumerId="/tiger"
              resReq="select(!mg)" resourceGroupName="ComputeHosts"
              policy="R_Proportion" resourceBalanceInterval="5" sessionSchedulingInterval="500"
              taskHighWaterMark="1.0" taskLowWaterMark="0.0" delaySlotRelease="0"
              preStartApplication="false" numOfSlotsForPreloadedServices="10000"
              enableStandbyService="false" slotsThresholdForStandbyServices="1"
              enableSelectiveReclaim="false"
              preemptionCriteria="MostRecentTask" preemptionScope="LowerOrEqualRankedSessions"
              schedulingAffinity="None" schedulingAffinityPlanningInterval="30"
              transientDisconnectionTimeout="10" ssmRecoveryTime="10"
              flushDataAsap="false" ioRetryDelay="1"/>

    <SOAM version="5.2">
        <SSM resReq="" resourceGroupName="ManagementHosts" workDir="${EGO_SHARED_TOP}/soam/work" 
             SSMResPubPluginCmd="" SSMResPubPluginCmdTimeout="30" SSMResPubCacheEnabled="true"
             startUpTimeout="60" shutDownTimeout="300" disableFlowControl="false">
            <boundaryManagerConfig>
                <boundaries>
                    <boundary elementName="AvailableMemory">
                        <event name="BEV_PROACTIVE" value="50"/>
                        <event name="BEV_SEVERE" value="40"/>
                        <event name="BEV_CRITICAL" value="15"/>
                        <event name="BEV_HALT" value="10"/>
                    </boundary>
                    <boundary elementName="AvailableVirtualAddressSpace">
                        <param name="MaxSizeReference" value="8388608"/>
                        <event name="BEV_PROACTIVE" value="50"/>
                        <event name="BEV_SEVERE" value="40"/>
                        <event name="BEV_CRITICAL" value="15"/>
                        <event name="BEV_HALT" value="10"/>
                    </boundary>
                    <boundary elementName="ProcessMemory">
                        <param name="MaxSizeReference" value="0"/>
                        <event name="BEV_PROACTIVE" value="0"/>
                        <event name="BEV_SEVERE" value="0"/>
                        <event name="BEV_CRITICAL" value="0"/>
                        <event name="BEV_HALT" value="0"/>
                    </boundary>
                </boundaries>
            </boundaryManagerConfig>
        </SSM>
        <SIM startUpTimeout="300" blockHostOnTimeout="true" blockHostOnVersionMismatch="true"/>
        <DataHistory fileSwitchSize="100" lastingPeriod="96" path="history"/>
        <PagingTasksInput path="message" diskSpace="30000000000" blockSize="1500"></PagingTasksInput>
        <PagingTasksInputNonRec path="message" diskSpace="30000000000" blockSize="1500"></PagingTasksInputNonRec>
        <PagingTasksOutput path="message" diskSpace="30000000000" blockSize="1500"></PagingTasksOutput>
        <PagingTasksOutputNonRec path="message" diskSpace="30000000000" blockSize="1500"></PagingTasksOutputNonRec>
        <PagingCommonData path="commondata" diskSpace="15000000000" blockSize="120000"></PagingCommonData>
        <PagingCommonDataNonRec path="commondata" diskSpace="15000000000" blockSize="120000"></PagingCommonDataNonRec>
        <PagingCommonDataUpdates path="commondata" diskSpace="15000000000" blockSize="120000"></PagingCommonDataUpdates>
        <PagingCommonDataUpdatesNonRec path="commondata" diskSpace="15000000000" blockSize="120000"></PagingCommonDataUpdatesNonRec>
        <JournalingTasks path="tasks"></JournalingTasks>
        <JournalingSessions path="sessions"></JournalingSessions>
    </SOAM>
    
    <SessionTypes>
        <Type name="unrec" recoverable="false" minServices="1"
              priority="5" preemptionRank="1" preemptive="false"
              serviceToSlotRatio="1:1" resourceGroupFilter=""
              enableCommonDataOptimization="false"
              preference="" defaultResourceAttributeValue="1.000000e+300"
			  resourcePlanningThreshold="-1"
              replanOnEGOAttributeChangeWithDataAware="false"
              abortSessionIfClientDisconnect="true" abortSessionIfTaskFail="false"
              discardResultsOnDelivery="true"
              sessionRetryLimit="3" taskRetryLimit="3" 
              suspendGracePeriod="100" taskCleanupPeriod="250" reclaimGracePeriod="-1"
              persistSessionHistory="all" persistTaskHistory="error"
              serviceName="TigerService"/>
        <Type name="rec" recoverable="true" minServices="1"
              priority="5" preemptionRank="1" preemptive="false"
              serviceToSlotRatio="1:1" resourceGroupFilter=""
              enableCommonDataOptimization="false"
              preference="" defaultResourceAttributeValue="1.000000e+300"
              replanOnEGOAttributeChangeWithDataAware="false"
              abortSessionIfClientDisconnect="false" abortSessionIfTaskFail="false"
              discardResultsOnDelivery="true"
              sessionRetryLimit="5" taskRetryLimit="5" 
              suspendGracePeriod="100" taskCleanupPeriod="250" reclaimGracePeriod="-1"
              persistSessionHistory="all" persistTaskHistory="error"
              serviceName="TigerService"/>
        <Type name="unrec_min" recoverable="false" minServices="5"
              priority="5" preemptionRank="1" preemptive="false"
              serviceToSlotRatio="1:1" resourceGroupFilter=""
              enableCommonDataOptimization="false"
              preference="" defaultResourceAttributeValue="1.000000e+300"
              replanOnEGOAttributeChangeWithDataAware="false"
              abortSessionIfClientDisconnect="true" abortSessionIfTaskFail="false"
              discardResultsOnDelivery="true"
              sessionRetryLimit="3" taskRetryLimit="3" 
              suspendGracePeriod="100" taskCleanupPeriod="250" reclaimGracePeriod="-1"
              persistSessionHistory="all" persistTaskHistory="error"
              serviceName="TigerService"/>
        <Type name="rec_min" recoverable="true" minServices="5"
              priority="5" preemptionRank="1" preemptive="false"
              serviceToSlotRatio="1:1" resourceGroupFilter=""
              enableCommonDataOptimization="false"
              preference="" defaultResourceAttributeValue="1.000000e+300"
              replanOnEGOAttributeChangeWithDataAware="false"
              abortSessionIfClientDisconnect="false" abortSessionIfTaskFail="false"
              discardResultsOnDelivery="true"
              sessionRetryLimit="5" taskRetryLimit="5" 
              suspendGracePeriod="100" taskCleanupPeriod="250" reclaimGracePeriod="-1"
              persistSessionHistory="all" persistTaskHistory="error"
              serviceName="TigerService"/>
    </SessionTypes>

    <Service name="TigerService" description="Normal TigerService" packageName="TigerService" default="true" maxOtherInstances="0" deploymentTimeout="300" debugSetting="none">
        <osTypes>
            <osType name="all" 
                    preExecCmd=""
                    fileNamePattern="%sessionId%.%taskId%."
                    logDirectory="${SOAM_HOME}/logs"
                    subDirectoryPattern="tiger"
                    startCmd="${SOAM_DEPLOY_DIR}/tigerservice -s -l INFO">
                <env name="PATH">${SOAM_DEPLOY_DIR}</env>
                <env name="LD_LIBRARY_PATH">.</env>
            </osType>
        </osTypes>
        <Control>
            <Method name="Register" >
                <Timeout duration="600" actionOnSI="blockHost"/>
                <Exit actionOnSI="blockHost"/>
            </Method>
            <Method name="CreateService">
                <Timeout duration="600" actionOnSI="blockHost"/>
                <Exit actionOnSI="blockHost"/>
                <Return controlCode="0" actionOnSI="keepAlive"/>
                <Return controlCode="1" actionOnSI="keepAlive"/>
                <Return controlCode="2" actionOnSI="restartService"/>
                <Return controlCode="3" actionOnSI="blockHost"/>
                <Exception type="failure" controlCode="0" actionOnSI="blockHost"/>
                <Exception type="fatal" controlCode="0" actionOnSI="blockHost"/>
            </Method>
            <Method name="SessionEnter">
                <Timeout duration="3600" actionOnSI="blockHost" actionOnWorkload="retry"/>
                <Exit actionOnSI="blockHost" actionOnWorkload="retry"/>
                <Return controlCode="0" actionOnSI="keepAlive" actionOnWorkload="succeed"/>
                <Return controlCode="1" actionOnSI="keepAlive" actionOnWorkload="succeed"/>
                <Return controlCode="2" actionOnSI="restartService" actionOnWorkload="succeed"/>
                <Return controlCode="3" actionOnSI="blockHost" actionOnWorkload="succeed"/>
                <Return controlCode="4" actionOnSI="keepAlive" actionOnWorkload="retry"/>
                <Return controlCode="5" actionOnSI="restartService" actionOnWorkload="retry"/>
                <Return controlCode="6" actionOnSI="blockHost" actionOnWorkload="retry"/>
                <Return controlCode="7" actionOnSI="keepAlive" actionOnWorkload="fail"/>
                <Return controlCode="8" actionOnSI="restartService" actionOnWorkload="fail"/>
                <Return controlCode="9" actionOnSI="blockHost" actionOnWorkload="fail"/>
                <Exception type="failure" controlCode="0" actionOnSI="keepAlive" actionOnWorkload="retry"/>
                <Exception type="fatal" controlCode="0" actionOnSI="keepAlive" actionOnWorkload="fail"/>
            </Method>
            <!--Method name="SessionUpdate">
                <Timeout duration="3600" actionOnSI="blockHost" actionOnWorkload="retry"/>
                <Exit actionOnSI="blockHost" actionOnWorkload="retry"/>
                <Return controlCode="0" actionOnSI="keepAlive" actionOnWorkload="succeed"/>
                <Return controlCode="1" actionOnSI="keepAlive" actionOnWorkload="succeed"/>
                <Return controlCode="2" actionOnSI="restartService" actionOnWorkload="succeed"/>
                <Return controlCode="3" actionOnSI="blockHost" actionOnWorkload="succeed"/>
                <Return controlCode="4" actionOnSI="keepAlive" actionOnWorkload="retry"/>
                <Return controlCode="5" actionOnSI="restartService" actionOnWorkload="retry"/>
                <Return controlCode="6" actionOnSI="blockHost" actionOnWorkload="retry"/>
                <Return controlCode="7" actionOnSI="keepAlive" actionOnWorkload="fail"/>
                <Return controlCode="8" actionOnSI="restartService" actionOnWorkload="fail"/>
                <Return controlCode="9" actionOnSI="blockHost" actionOnWorkload="fail"/>
                <Exception type="failure" controlCode="0" actionOnSI="keepAlive" actionOnWorkload="retry"/>
                <Exception type="fatal" controlCode="0" actionOnSI="keepAlive" actionOnWorkload="fail"/>
            </Method-->
            <Method name="Invoke">
                <Timeout duration="3600" actionOnSI="restartService" actionOnWorkload="retry"/>
                <Exit actionOnSI="restartService" actionOnWorkload="retry"/>
                <Return controlCode="0" actionOnSI="keepAlive" actionOnWorkload="succeed"/>
                <Return controlCode="1" actionOnSI="keepAlive" actionOnWorkload="succeed"/>
                <Return controlCode="2" actionOnSI="restartService" actionOnWorkload="succeed"/>
                <Return controlCode="3" actionOnSI="blockHost" actionOnWorkload="succeed"/>
                <Return controlCode="4" actionOnSI="keepAlive" actionOnWorkload="retry"/>
                <Return controlCode="5" actionOnSI="restartService" actionOnWorkload="retry"/>
                <Return controlCode="6" actionOnSI="blockHost" actionOnWorkload="retry"/>
                <Return controlCode="7" actionOnSI="keepAlive" actionOnWorkload="fail"/>
                <Return controlCode="8" actionOnSI="restartService" actionOnWorkload="fail"/>
                <Return controlCode="9" actionOnSI="blockHost" actionOnWorkload="fail"/>
                <Exception type="failure" controlCode="0" actionOnSI="keepAlive" actionOnWorkload="retry"/>
                <Exception type="fatal" controlCode="0" actionOnSI="keepAlive" actionOnWorkload="fail"/>
            </Method>
            <Method name="SessionLeave" >
                <Timeout duration="3600" actionOnSI="restartService"/>
                <Exit actionOnSI="restartService"/>
                <Return controlCode="0" actionOnSI="keepAlive"/>
                <Return controlCode="1" actionOnSI="keepAlive"/>
                <Return controlCode="2" actionOnSI="restartService"/>
                <Return controlCode="3" actionOnSI="blockHost"/>
                <Exception type="failure" controlCode="0" actionOnSI="keepAlive"/>
                <Exception type="fatal" controlCode="0" actionOnSI="keepAlive"/>
            </Method>
            <Method name="DestroyService" >
                <Timeout duration="60"/>
            </Method>
        </Control>
    </Service>
    <Service name="TigerServiceCS" description="CS TigerService" packageName="TigerService" default="false" maxOtherInstances="0" deploymentTimeout="300">
        <osTypes>
            <osType name="all" 
                    preExecCmd=""
                    fileNamePattern="%sessionId%.%taskId%."
                    logDirectory="${SOAM_HOME}/logs"
                    subDirectoryPattern="tiger"
                    startCmd="${SOAM_DEPLOY_DIR}/tigerservicecs -s -l INFO">
                <env name="PATH">${SOAM_DEPLOY_DIR}</env>
                <env name="LD_LIBRARY_PATH">.</env>
            </osType>
        </osTypes>
    </Service>
    <Service name="TigerServiceJava" description="Java TigerService" packageName="TigerService" default="false" maxOtherInstances="0" deploymentTimeout="300">
        <osTypes>
            <osType name="NTX86" 
                    preExecCmd=""
                    fileNamePattern="%sessionId%.%taskId%."
                    logDirectory="${SOAM_HOME}/logs"
                    subDirectoryPattern="tiger"
                    startCmd="${JAVA_HOME}\bin\java -server -Xmx1024m -classpath ${SOAM_CLASSPATH};${SOAM_DEPLOY_DIR}\Tiger.jar com.platform.symphony.qa.tiger.TigerService -s -l INFO">
                <env name="JAVA_HOME">"C:\Program Files\Java\jdk1.5.0_08"</env>
                <env name="SOAM_CLASSPATH">${SOAM_HOME}\${VERSION_NUM}\${EGO_MACHINE_TYPE}\lib\JavaSoamApi.jar</env>
                <env name="PATH">${JAVA_HOME}\bin:${SOAM_DEPLOY_DIR}</env>
            </osType>
            <osType name="NTX64" 
                    preExecCmd=""
                    fileNamePattern="%sessionId%.%taskId%."
                    logDirectory="${SOAM_HOME}/logs"
                    subDirectoryPattern="tiger"
                    startCmd="${JAVA_HOME}\bin\java -server -Xmx1024m -classpath ${SOAM_CLASSPATH};${SOAM_DEPLOY_DIR}\Tiger.jar com.platform.symphony.qa.tiger.TigerService -s -l INFO">
                <env name="JAVA_HOME">"C:\Program Files\Java\jdk1.5.0_08"</env>
                <env name="SOAM_CLASSPATH">${SOAM_HOME}\${VERSION_NUM}\${EGO_MACHINE_TYPE}\lib\JavaSoamApi.jar</env>
                <env name="PATH">${JAVA_HOME}\bin:${SOAM_DEPLOY_DIR}</env>
            </osType>
            <osType name="all" 
                    preExecCmd=""
                    fileNamePattern="%sessionId%.%taskId%."
                    logDirectory="${SOAM_HOME}/logs"
                    subDirectoryPattern="tiger"
                    startCmd="${JAVA_HOME}/bin/java -server -Xmx1024m -classpath ${SOAM_CLASSPATH}:${SOAM_DEPLOY_DIR}/Tiger.jar com.platform.symphony.qa.tiger.TigerService -s -l INFO">
                <env name="JAVA_HOME">/hzhou/jdk1.5.0_08/jre</env>
                <env name="SOAM_CLASSPATH">${SOAM_HOME}/${VERSION_NUM}/${EGO_MACHINE_TYPE}/lib/JavaSoamApi.jar</env>
                <env name="PATH">${JAVA_HOME}/bin:${SOAM_DEPLOY_DIR}</env>
                <env name="LD_LIBRARY_PATH">.</env>
            </osType>
        </osTypes>
    </Service>
    <Service name="TigerServiceWrapper" description="use wrapper to invoke TigerService" packageName="TigerService" default="false" maxOtherInstances="0" deploymentTimeout="300">
        <osTypes>
            <osType name="NTX86" 
                    preExecCmd=""
                    workDir="${SOAM_HOME}/${VERSION_NUM}/samples/scripts"
                    startCmd="cmd /c cmd /c ${SOAM_HOME}/${VERSION_NUM}/samples/scripts/ServiceWrapper.bat ${SOAM_DEPLOY_DIR}/tigerservice -s -a -p -l DEBUG">
                <env name="PATH">${SOAM_DEPLOY_DIR}</env>
            </osType>
            <osType name="NTX64" 
                    preExecCmd=""
                    workDir="${SOAM_HOME}/${VERSION_NUM}/samples/scripts"
                    startCmd="cmd /c cmd /c ${SOAM_HOME}/${VERSION_NUM}/samples/scripts/ServiceWrapper.bat ${SOAM_DEPLOY_DIR}/tigerservice -s -a -p -l DEBUG">
                <env name="PATH">${SOAM_DEPLOY_DIR}</env>
            </osType>
            <osType name="all" 
                    preExecCmd=""
                    workDir="${SOAM_HOME}/${VERSION_NUM}/samples/scripts"
                    startCmd="${SOAM_HOME}/${VERSION_NUM}/samples/scripts/ServiceWrapper.sh ${SOAM_DEPLOY_DIR}/tigerservice -s -a -p -l DEBUG">
                <env name="PATH">${SOAM_DEPLOY_DIR}</env>
                <env name="LD_LIBRARY_PATH">.</env>
            </osType>
        </osTypes>
    </Service>
    <Service name="TigerServiceByteMessage" description="use DefaultByteArrayMessage in TigerService" packageName="TigerService" default="false" maxOtherInstances="0" deploymentTimeout="300">
        <osTypes>
            <osType name="all" 
                    preExecCmd=""
                    workDir="${SOAM_HOME}/work"
                    startCmd="${SOAM_DEPLOY_DIR}/tigerservice -s -m BYTE -l DEBUG">
                <env name="PATH">${SOAM_DEPLOY_DIR}</env>
                <env name="LD_LIBRARY_PATH">.</env>
            </osType>
        </osTypes>
    </Service>
    <Service name="TigerServiceTextMessage" description="use DefaultTextMessage in TigerService" packageName="TigerService" default="false" maxOtherInstances="0" deploymentTimeout="300">
        <osTypes>
            <osType name="all" 
                    preExecCmd=""
                    workDir="${SOAM_HOME}/work"
                    startCmd="${SOAM_DEPLOY_DIR}/tigerservice -s -m TEXT -l DEBUG">
                <env name="PATH">${SOAM_DEPLOY_DIR}</env>
                <env name="LD_LIBRARY_PATH">.</env>
            </osType>
        </osTypes>
    </Service>
    <Service name="TigerServiceDebug" description="TigerService in DEBUG mode" packageName="TigerService" default="false" maxOtherInstances="0" deploymentTimeout="300" debugSetting="full">
        <osTypes>
            <osType name="all" 
                    preExecCmd=""
                    workDir="${SOAM_HOME}/work"
                    startCmd="${SOAM_DEPLOY_DIR}/tigerservice -s -l DEBUG">
                <env name="PATH">${SOAM_DEPLOY_DIR}</env>
                <env name="LD_LIBRARY_PATH">.</env>
            </osType>
        </osTypes>
    </Service>

</Profile>
